{
  "userEmbedding": {
    "0": -0.43755120038986206,
    "1": -0.927791178226471,
    "2": -1.142777442932129,
    "3": 0.6633129715919495,
    "4": -0.7561290860176086,
    "5": 0.6197854280471802,
    "6": 1.5504881143569946,
    "7": -1.8546955585479736,
    "8": 0.7033165097236633,
    "9": -1.5433282852172852,
    "10": 1.1061793565750122,
    "11": 1.717069149017334,
    "12": -1.337432861328125,
    "13": -1.0927212238311768,
    "14": -0.762755811214447,
    "15": -1.2215089797973633,
    "16": -1.1249748468399048,
    "17": 1.1440577507019043,
    "18": 0.9124186038970947,
    "19": -0.7346747517585754,
    "20": -0.8594290018081665,
    "21": -0.7498071193695068,
    "22": 0.4308491349220276,
    "23": 0.1463935673236847,
    "24": 0.806876003742218,
    "25": -1.2148975133895874,
    "26": 0.8803990483283997,
    "27": 1.2365938425064087,
    "28": 1.1217749118804932,
    "29": 1.2243232727050781,
    "30": -1.2648136615753174,
    "31": -0.7567017078399658,
    "32": -1.0403826236724854,
    "33": 0.4256840646266937,
    "34": 0.6950196027755737,
    "35": 0.7820459604263306
  },
  "entityEmbedding": {
    "0": 0.013140127062797546,
    "1": -0.12047875672578812,
    "2": 0.023364242166280746,
    "3": -0.12188346683979034,
    "4": -0.21726322174072266,
    "5": 0.2479782998561859,
    "6": 0.9925769567489624,
    "7": -1.1413909196853638,
    "8": 1.1774629354476929,
    "9": -0.9506155848503113,
    "10": 0.9195548295974731,
    "11": 1.1564332246780396,
    "12": 0.2945760488510132,
    "13": -1.3155100345611572,
    "14": -0.5918012857437134,
    "15": -0.22977718710899353,
    "16": -0.14018942415714264,
    "17": 0.9966050386428833,
    "18": -0.6737064719200134,
    "19": -0.43001702427864075,
    "20": -0.7425241470336914,
    "21": 0.605940043926239,
    "22": -0.6854629516601562,
    "23": -0.2802663743495941,
    "24": -1.0504937171936035,
    "25": -0.9807002544403076,
    "26": -0.8773784637451172,
    "27": -1.268699288368225,
    "28": -0.9471243023872375,
    "29": 1.1882882118225098,
    "30": -0.9280912280082703,
    "31": -1.1301994323730469,
    "32": -0.7287689447402954,
    "33": -0.9067226648330688,
    "34": -0.6584323644638062,
    "35": 0.7928147315979004,
    "36": 0.9025484323501587,
    "37": -0.8370094299316406,
    "38": 0.7976469397544861,
    "39": -1.0460929870605469,
    "40": 0.6319848895072937,
    "41": 0.9771142601966858,
    "42": 0.42090800404548645,
    "43": -0.1160777136683464,
    "44": 0.09598605334758759,
    "45": -0.35279566049575806,
    "46": 0.047877367585897446,
    "47": 0.3388005495071411,
    "48": 0.26407039165496826,
    "49": -0.21252509951591492,
    "50": -0.2927171587944031,
    "51": -0.3487398028373718,
    "52": 0.24198968708515167,
    "53": 0.3337104022502899,
    "54": 0.326217383146286,
    "55": -0.3449707627296448,
    "56": -0.21323136985301971,
    "57": -0.30394434928894043,
    "58": -0.03136119991540909,
    "59": 0.23859445750713348,
    "60": 0.3277154266834259,
    "61": -0.3955405354499817,
    "62": 0.08542253077030182,
    "63": -0.10449549555778503,
    "64": -0.10910413414239883,
    "65": 0.24805472791194916,
    "66": 0.33357909321784973,
    "67": -0.2972748577594757,
    "68": -0.3434720039367676,
    "69": -0.28792804479599,
    "70": 0.40335342288017273,
    "71": 0.21166911721229553,
    "72": 0.25987547636032104,
    "73": -0.5054469704627991,
    "74": 0.12019921839237213,
    "75": -0.19426114857196808,
    "76": -0.2197587937116623,
    "77": 0.23927102982997894,
    "78": 0.4683499336242676,
    "79": -0.19995637238025665,
    "80": -0.31883397698402405,
    "81": -0.14896860718727112,
    "82": 0.3116530179977417,
    "83": 0.2365327626466751,
    "84": 0.3391414284706116,
    "85": -0.6753864288330078,
    "86": -0.04592202603816986,
    "87": -0.3784518241882324,
    "88": -0.29346808791160583,
    "89": 0.3382978141307831,
    "90": 0.9586785435676575,
    "91": -1.0458941459655762,
    "92": 0.8737601637840271,
    "93": -1.1450610160827637,
    "94": 0.6306219696998596,
    "95": 0.9657917618751526,
    "96": 0.5959975123405457,
    "97": -0.6289414167404175,
    "98": 0.3270414471626282,
    "99": 0.5005181431770325,
    "100": 0.5941816568374634,
    "101": 0.8901656866073608,
    "102": 0.42480915784835815,
    "103": -0.6656858325004578,
    "104": 0.3809884786605835,
    "105": 0.6273866891860962,
    "106": 0.5277506113052368,
    "107": 0.8919580578804016,
    "108": 1.2533681392669678,
    "109": -1.0924016237258911,
    "110": 0.9656705260276794,
    "111": 0.9172037839889526,
    "112": 1.0681374073028564,
    "113": 1.2040575742721558,
    "114": 0.6259567737579346,
    "115": -0.9348586201667786,
    "116": 0.8176899552345276,
    "117": 0.9162975549697876,
    "118": 0.7933345437049866,
    "119": 0.7154949903488159,
    "120": -0.7311067581176758,
    "121": -0.665412962436676,
    "122": -0.9886977076530457,
    "123": 0.3064584732055664,
    "124": 0.6224056482315063,
    "125": 0.7029128670692444,
    "126": -0.9320152997970581,
    "127": -0.7991132140159607,
    "128": -0.7559175491333008,
    "129": 0.29551300406455994,
    "130": 0.7512924671173096,
    "131": 0.7696611881256104,
    "132": 1.1888147592544556,
    "133": -1.1548088788986206,
    "134": -0.021169161424040794,
    "135": -1.129783272743225,
    "136": 0.9431118965148926,
    "137": 0.7918028831481934,
    "138": 0.8499319553375244,
    "139": -0.9143995046615601,
    "140": 0.9970822334289551,
    "141": -0.739810049533844,
    "142": 0.5439256429672241,
    "143": 0.8743258714675903,
    "144": 1.0322763919830322,
    "145": -1.2987234592437744,
    "146": 0.6882640719413757,
    "147": -1.0215822458267212,
    "148": 1.1065627336502075,
    "149": 1.1930102109909058,
    "150": 0.6151405572891235,
    "151": -0.8411863446235657,
    "152": 0.9078603982925415,
    "153": -0.9960567951202393,
    "154": 0.6108307838439941,
    "155": 0.7867502570152283,
    "156": 1.2783955335617065,
    "157": -1.0667603015899658,
    "158": 0.643088698387146,
    "159": -1.061240553855896,
    "160": 1.1751453876495361,
    "161": 1.1525769233703613,
    "162": 0.5083990097045898,
    "163": -0.3585004210472107,
    "164": 0.12248222529888153,
    "165": -0.5852121710777283,
    "166": 0.3132937550544739,
    "167": 0.4232498109340668,
    "168": 0.3143656551837921,
    "169": -0.6484120488166809,
    "170": 0.18535174429416656,
    "171": -0.6006935834884644,
    "172": 0.2785947024822235,
    "173": 0.6078635454177856,
    "174": 0.6301102638244629,
    "175": -0.5851813554763794,
    "176": 0.10796496272087097,
    "177": -0.5226612091064453,
    "178": 0.1614709496498108,
    "179": 0.7598116397857666,
    "180": 0.5112919807434082,
    "181": -0.6510134339332581,
    "182": 0.2561963200569153,
    "183": -0.6102281808853149,
    "184": 0.3272714912891388,
    "185": 0.648864209651947,
    "186": 0.47960612177848816,
    "187": -0.6098232269287109,
    "188": -0.2043704092502594,
    "189": -0.586057186126709,
    "190": 0.21354630589485168,
    "191": 0.6168208122253418,
    "192": 0.49144837260246277,
    "193": -0.4344659745693207,
    "194": 0.48204463720321655,
    "195": -0.4261963367462158,
    "196": 0.14800357818603516,
    "197": 0.5033767223358154,
    "198": 1.0781465768814087,
    "199": -0.851557195186615,
    "200": 0.8255586624145508,
    "201": -0.9878717660903931,
    "202": 0.6996712684631348,
    "203": 0.7723507285118103,
    "204": 0.5056682825088501,
    "205": -0.5288419723510742,
    "206": -0.013097692281007767,
    "207": -0.4810172915458679,
    "208": 0.04608823359012604,
    "209": 0.7132194638252258,
    "210": -0.02089752070605755,
    "211": -0.04019862040877342,
    "212": -0.16060496866703033,
    "213": -0.20079953968524933,
    "214": 0.006903083994984627,
    "215": 0.2986612915992737,
    "216": 0.00406990572810173,
    "217": -1.089887261390686,
    "218": 0.240103617310524,
    "219": 1.1189779043197632,