{
  "userEmbedding": {
    "0": -0.7789186239242554,
    "1": -0.9180439710617065,
    "2": 0.9107353687286377,
    "3": 0.5374699831008911,
    "4": 0.549773633480072,
    "5": 1.382161259651184,
    "6": -0.733771026134491,
    "7": 1.2583491802215576,
    "8": 1.500905990600586,
    "9": 1.51192307472229,
    "10": -1.225348711013794,
    "11": 0.3395076394081116,
    "12": -0.8124853372573853,
    "13": 0.7469252347946167,
    "14": 1.22389554977417,
    "15": 0.7468416094779968,
    "16": -0.6771447062492371,
    "17": 0.6473474502563477,
    "18": 0.668867290019989,
    "19": 0.5685887336730957,
    "20": 0.5962185263633728,
    "21": 0.6494576334953308,
    "22": 0.9841489195823669,
    "23": -0.9759737849235535,
    "24": -1.0476031303405762
  },
  "entityEmbedding": {
    "0": -0.08167822659015656,
    "1": -0.25563350319862366,
    "2": 0.2444847822189331,
    "3": 0.41096991300582886,
    "4": 0.14979875087738037,
    "5": 0.7448390126228333,
    "6": -0.7157472968101501,
    "7": 0.89481520652771,
    "8": 1.0697942972183228,
    "9": 1.0602449178695679,
    "10": 0.21870319545269012,
    "11": -1.0904531478881836,
    "12": 1.246105670928955,
    "13": 0.843204140663147,
    "14": 0.9306445121765137,
    "15": -0.7530303001403809,
    "16": -0.8614609241485596,
    "17": 0.6528023481369019,
    "18": 0.4469628930091858,
    "19": 0.43903589248657227,
    "20": -1.0761693716049194,
    "21": 0.3348996937274933,
    "22": -0.7596234679222107,
    "23": 0.5445406436920166,
    "24": 0.9441725611686707,
    "25": -0.9240989685058594,
    "26": 0.3456624150276184,
    "27": -0.7047625184059143,
    "28": 0.6460028886795044,
    "29": 0.9638593792915344,
    "30": 1.115778923034668,
    "31": -0.46294382214546204,
    "32": 0.8642292022705078,
    "33": 0.7020993828773499,
    "34": 0.8189521431922913,
    "35": 0.4770098626613617,
    "36": -0.3533276319503784,
    "37": 0.5513153672218323,
    "38": 0.47819605469703674,
    "39": 0.6488978266716003,
    "40": 0.41459420323371887,
    "41": -0.1843990981578827,
    "42": 0.4645459055900574,
    "43": 0.5448336005210876,
    "44": 0.5216915607452393,
    "45": 0.5597043633460999,
    "46": -0.4299842417240143,
    "47": 0.396842896938324,
    "48": 0.5812637805938721,
    "49": 0.4704700708389282,
    "50": 0.3326528072357178,
    "51": -0.38115352392196655,
    "52": 0.4225693941116333,
    "53": 0.7202426791191101,
    "54": 0.6527479290962219,
    "55": 0.5079290866851807,
    "56": 0.044136397540569305,
    "57": 0.45144447684288025,
    "58": 0.5613628625869751,
    "59": 0.5326868891716003,
    "60": 0.5474764108657837,
    "61": -0.2312890887260437,
    "62": 0.541313886642456,
    "63": 0.37259021401405334,
    "64": 0.691262423992157,
    "65": 0.6791597604751587,
    "66": -0.03448405861854553,
    "67": 0.5001957416534424,
    "68": 0.5712644457817078,
    "69": 0.4519481658935547,
    "70": 0.6329865455627441,
    "71": -0.008456245064735413,
    "72": 0.4634525775909424,
    "73": 0.5822096467018127,
    "74": 0.6557161808013916,
    "75": 1.0346280336380005,
    "76": -0.7848491668701172,
    "77": 0.9078174829483032,
    "78": 0.9806346893310547,
    "79": 0.7381954789161682,
    "80": 0.5512137413024902,
    "81": 0.5984916687011719,
    "82": 0.8945351839065552,
    "83": -0.9549285769462585,
    "84": -0.956342875957489,
    "85": 0.7160636186599731,
    "86": 0.7152409553527832,
    "87": 0.9715198874473572,
    "88": -0.8080746531486511,
    "89": -0.8621273040771484,
    "90": 1.0650616884231567,
    "91": -0.956165075302124,
    "92": 1.030678391456604,
    "93": 0.941756010055542,
    "94": 1.085483193397522,
    "95": 0.9072389602661133,
    "96": -0.32272520661354065,
    "97": 0.8970106840133667,
    "98": 0.9370052218437195,
    "99": 0.7187508940696716,
    "100": 0.7760145664215088,
    "101": -0.5583661794662476,
    "102": 0.8108635544776917,
    "103": 0.928374171257019,
    "104": 0.9367715120315552,
    "105": 0.942279040813446,
    "106": -0.7859817147254944,
    "107": 0.8485180139541626,
    "108": 0.881898045539856,
    "109": 0.7671089768409729,
    "110": 0.8330420851707458,
    "111": -0.473722368478775,
    "112": 0.8360375165939331,
    "113": 0.9274600148200989,
    "114": 0.9308079481124878,
    "115": 0.7324403524398804,
    "116": -0.1453470140695572,
    "117": 0.5827130079269409,
    "118": 0.8683990240097046,
    "119": 0.8678146004676819,
    "120": 0.8477540016174316,
    "121": -0.23381459712982178,
    "122": 0.6728419661521912,
    "123": 0.6516379714012146,
    "124": 0.6897282600402832,
    "125": 0.8533146977424622,
    "126": -0.4131051003932953,
    "127": 0.5288136601448059,
    "128": 0.8431357145309448,
    "129": 0.7290455102920532,
    "130": 0.6083419322967529,
    "131": -0.5212697386741638,
    "132": 0.6351021528244019,
    "133": 0.8027597665786743,
    "134": 0.678016185760498,
    "135": 0.4132249355316162,
    "136": -0.4979982376098633,
    "137": 0.9024900197982788,
    "138": 0.6674973964691162,
    "139": 0.8514332175254822,
    "140": 0.7271125316619873,
    "141": -0.5183911323547363,
    "142": 0.6552175283432007,
    "143": 0.6080475449562073,
    "144": 0.836845338344574,
    "145": 1.0076994895935059,
    "146": -0.5078598260879517,
    "147": 0.7551838755607605,
    "148": 0.8676362633705139,
    "149": 0.9794906377792358,
    "150": 0.585067093372345,
    "151": -0.30823230743408203,
    "152": 0.7248059511184692,
    "153": 0.8398126363754272,
    "154": 0.7087920308113098,
    "155": 0.7541402578353882,
    "156": 0.033445317298173904,
    "157": 0.789486289024353,
    "158": 0.8351834416389465,
    "159": 0.7802640199661255,
    "160": -0.13676996529102325,
    "161": 0.105768583714962,
    "162": 0.42420661449432373,
    "163": -0.15828153491020203,
    "164": -0.42428427934646606,
    "165": 0.0028809309005737305,
    "166": 0.2649117112159729,
    "167": 0.27530035376548767,
    "168": -0.34521061182022095,
    "169": -0.4451964497566223,
    "170": -0.36868104338645935,
    "171": -0.38501203060150146,
    "172": 0.3253657817840576,
    "173": -0.11445554345846176,
    "174": 0.07133940607309341,
    "175": -0.3135833740234375,
    "176": -0.39866146445274353,
    "177": 0.30781108140945435,
    "178": -0.07131123542785645,
    "179": 0.09036759287118912,
    "180": -0.034979891031980515,
    "181": 0.1746598482131958,
    "182": 0.23773445188999176,
    "183": 0.1709604263305664,
    "184": 0.4234670102596283,
    "185": 0.5972943305969238,
    "186": -0.824970543384552,
    "187": 0.8774867653846741,
    "188": 0.8072329163551331,
    "189": 0.8166436553001404,
    "190": -0.40094637870788574,
    "191": -0.2132938653230667,
    "192": 0.394662469625473,
    "193": -0.12353502213954926,
    "194": 0.17069685459136963,
    "195": -0.3815625011920929,
    "196": -0.23882059752941132,
    "197": 0.22311446070671082,
    "198": 0.12959764897823334,
    "199": 0.21587109565734863,
    "200": -0.3694540560245514,
    "201": -0.29201629757881165,
    "202": 0.2509540617465973,
    "203": 0.01932014524936676,
    "204": 0.26912182569503784
  },
  "userEmbeddingShape": [
    5,
    5
  ],
  "entityEmbeddingShape": [
    41,
    5
  ],
  "users": [
    "24p8CvsvGPidmFn0fPJaT8_p6IqZiL39",
    "6831555f62798cff2618bfe7",
    "684d9047bb1e0e063eb0b121",
    "I_wJUl8NXFjJvfQ7hTnPVvXCNhuARhPC",
    "nXUnhDd6SUii6mNocb2438u5eYSA8yr5"
  ],