{
  "userEmbedding": {
    "0": 0.8741033673286438,
    "1": 0.09878843277692795,
    "2": 0.013581085950136185,
    "3": -0.0010565767297521234,
    "4": -0.05203568562865257,
    "5": 0.313153475522995,
    "6": 0.0030381844844669104,
    "7": -0.3943548798561096,
    "8": -0.7536249756813049,
    "9": 0.09323253482580185,
    "10": -0.2701566815376282,
    "11": -0.06748609989881516,
    "12": 0.2230650633573532,
    "13": 0.3543458878993988,
    "14": 0.18497806787490845,
    "15": -0.13217630982398987,
    "16": -0.5555841326713562,
    "17": 0.4213169813156128,
    "18": -0.2277134358882904,
    "19": 0.49444571137428284,
    "20": -0.011980829760432243,
    "21": -0.5624268651008606,
    "22": -0.3012774586677551,
    "23": 0.1262122094631195,
    "24": -0.5666593313217163,
    "25": -0.14576506614685059,
    "26": 0.4923781752586365,
    "27": 0.35469359159469604,
    "28": 0.12257321923971176,
    "29": -0.1375325322151184,
    "30": -0.6935161352157593,
    "31": 0.30151131749153137,
    "32": -0.06226544827222824,
    "33": 0.5605173110961914,
    "34": -0.04134776443243027,
    "35": -0.6225431561470032,
    "36": -0.15764208137989044,
    "37": -0.015992561355233192,
    "38": -0.3387998044490814,
    "39": -0.1729527711868286,
    "40": 0.46162667870521545,
    "41": 0.2904576063156128,
    "42": 0.08426249027252197,
    "43": -0.20594444870948792,
    "44": -0.6187074780464172,
    "45": 0.38223323225975037,
    "46": -0.382214218378067,
    "47": 0.41903790831565857,
    "48": 0.09692604094743729,
    "49": -0.602097749710083,
    "50": 0.22834692895412445,
    "51": 0.04016506299376488,
    "52": -0.33939307928085327,
    "53": -0.3138730227947235,
    "54": 0.3111191689968109,
    "55": 0.49079379439353943,
    "56": 0.20605413615703583,
    "57": -0.15956801176071167,
    "58": -0.19765512645244598,
    "59": 0.5772368311882019,
    "60": -0.16580244898796082,
    "61": 0.40876221656799316,
    "62": 0.0193219855427742,
    "63": -0.5342177152633667,
    "64": 0.5058851838111877,
    "65": 0.07017416507005692,
    "66": -0.5632488131523132,
    "67": -0.29507023096084595,
    "68": 0.365961492061615,
    "69": 0.41282907128334045,
    "70": -0.027785997837781906,
    "71": 0.050181735306978226,
    "72": -0.15042999386787415,
    "73": -0.1274876594543457,
    "74": -0.04668932408094406,
    "75": 0.041317254304885864,
    "76": 0.03941699117422104,
    "77": -0.06007000803947449,
    "78": -0.17448841035366058,
    "79": 0.05973949283361435,
    "80": -0.04970523715019226,
    "81": -0.09419852495193481,
    "82": -0.11953634023666382,
    "83": -0.05019798129796982,
    "84": 0.23911157250404358,
    "85": -0.3512290418148041,
    "86": -0.391570121049881,
    "87": 0.4526224732398987,
    "88": -0.37218138575553894,
    "89": 0.5914284586906433,
    "90": 0.06665003299713135,
    "91": -0.19925536215305328,
    "92": 0.498068243265152,
    "93": 0.12315230071544647,
    "94": -0.34002697467803955,
    "95": -0.5512388348579407,
    "96": 0.2926000654697418,
    "97": 0.26930099725723267,
    "98": 0.16530770063400269,
    "99": -0.5144234895706177,
    "100": -0.42145130038261414,
    "101": 0.46741190552711487,
    "102": -0.17260144650936127,
    "103": 0.3544834852218628,
    "104": 0.12262631952762604,
    "105": -0.530134916305542,
    "106": 0.4233750104904175,
    "107": 0.3384724259376526,
    "108": -0.29280364513397217,
    "109": -0.3811939060688019,
    "110": 0.35862135887145996,
    "111": 0.40007922053337097,
    "112": 0.24581477046012878,
    "113": -0.37138932943344116,
    "114": -0.5302499532699585,
    "115": 0.4586707055568695,
    "116": -0.26651448011398315,
    "117": 0.5870710611343384,
    "118": 0.06318538635969162,
    "119": -0.3523868918418884,
    "120": 0.38557812571525574,
    "121": 0.0579255074262619,
    "122": -0.44721707701683044,
    "123": -0.5131894946098328,
    "124": 0.3153564929962158,
    "125": 0.24546687304973602,
    "126": -0.09770600497722626,
    "127": -0.054489534348249435,
    "128": -0.3287166357040405,
    "129": 0.37167882919311523,
    "130": -0.02719789929687977,
    "131": 0.5155883431434631,
    "132": 0.01605062000453472,
    "133": -0.49556925892829895,
    "134": 0.5679839849472046,
    "135": -0.02655830979347229,
    "136": -0.5448899865150452,
    "137": -0.35852324962615967,
    "138": 0.5413505434989929,
    "139": 0.406118243932724,
    "140": 0.14366677403450012,
    "141": -0.253011018037796,
    "142": -0.48891395330429077,
    "143": 0.523992121219635,
    "144": -0.42237401008605957,
    "145": 0.2678861618041992,
    "146": 0.045011986047029495,
    "147": -0.5170001983642578,
    "148": 0.3433081805706024,
    "149": 0.179346963763237,
    "150": -0.525355339050293,
    "151": -0.28727713227272034,
    "152": 0.5327160358428955,
    "153": 0.40609458088874817,
    "154": -0.07563908398151398,
    "155": 0.12721721827983856,
    "156": -0.39607545733451843,
    "157": 0.07308925688266754,
    "158": 0.03174570947885513,
    "159": 0.009001117199659348,
    "160": 0.10535915940999985,
    "161": -0.46186962723731995,
    "162": -0.10279703140258789,
    "163": -0.11444734036922455,
    "164": -0.3742186725139618,
    "165": 0.1522682011127472,
    "166": 0.47496911883354187,
    "167": 0.4814935028553009,
    "168": 0.07722712308168411,
    "169": 0.21137769520282745,
    "170": -0.41113582253456116,
    "171": 0.08657824993133545,
    "172": -0.03379078954458237,
    "173": -0.06682568788528442,
    "174": 0.23803353309631348,
    "175": -0.5373627543449402,
    "176": -0.07297124713659286,
    "177": 0.030043503269553185,
    "178": -0.360731303691864,
    "179": 0.11886576563119888,
    "180": 0.3881308138370514,
    "181": 0.4762353301048279,
    "182": 0.44991397857666016,
    "183": 0.4341079890727997,
    "184": 0.05186972767114639,
    "185": 0.2899569869041443,
    "186": 0.14663681387901306,
    "187": 0.43428507447242737,
    "188": -0.10089370608329773,
    "189": -0.302032470703125,
    "190": -0.30175936222076416,
    "191": -0.02522391825914383,
    "192": -0.6077698469161987,
    "193": -0.3396759629249573,
    "194": 0.2645188868045807,
    "195": 0.18866702914237976
  },
  "itemEmbedding": {
    "0": 0.37078845500946045,
    "1": -0.007835772819817066,
    "2": 0.006133966613560915,
    "3": 0.38617441058158875,
    "4": -0.1882658153772354,
    "5": 0.38853752613067627,
    "6": 0.023100603371858597,
    "7": -0.2712706923484802,
    "8": -0.29395461082458496,
    "9": 0.1586083620786667,
    "10": -0.36851635575294495,
    "11": -0.2085840106010437,
    "12": 0.1885526329278946,
    "13": 0.23143832385540009,
    "14": -0.17792661488056183,
    "15": 0.135972261428833,
    "16": -0.36768853664398193,
    "17": 0.06335055083036423,
    "18": 0.053055644035339355,
    "19": 0.023387357592582703,
    "20": 0.019141381606459618,
    "21": -0.5393786430358887,
    "22": 0.02163548208773136,
    "23": -0.10363541543483734,
    "24": -0.3253548741340637,
    "25": 0.07865442335605621,
    "26": 0.4934459328651428,
    "27": 0.35203155875205994,
    "28": 0.06009203568100929,
    "29": -0.09895240515470505,
    "30": -0.34736862778663635,
    "31": 0.10705467313528061,
    "32": -0.009103065356612206,
    "33": 0.13014353811740875,
    "34": 0.14591282606124878,
    "35": -0.45855849981307983,
    "36": -0.08343112468719482,
    "37": -0.055256187915802,
    "38": -0.11253246665000916,
    "39": -0.094251349568367,
    "40": 0.11495547741651535,
    "41": 0.3317939341068268,
    "42": 0.5858957767486572,
    "43": -0.02662426233291626,
    "44": -0.14666303992271423,
    "45": 0.2506054937839508,
    "46": -0.22000111639499664,
    "47": 0.3919357359409332,
    "48": 0.009755748324096203,
    "49": -0.3649555742740631,
    "50": -0.04228038713335991,
    "51": 0.06108265370130539,
    "52": -0.22870077192783356,
    "53": -0.2196161299943924,
    "54": 0.12401250749826431,
    "55": 0.3430584669113159,
    "56": 0.7169487476348877,