{
  "userEmbedding": {
    "0": 0.9115673303604126,
    "1": 0.6464037299156189,
    "2": 0.6369373202323914,
    "3": 0.6051582098007202,
    "4": -0.430691659450531,
    "5": 0.439949095249176,
    "6": -0.26324462890625,
    "7": -0.5918513536453247,
    "8": 0.5994449257850647,
    "9": -0.02307007648050785,
    "10": 0.7083327174186707,
    "11": -0.5935377478599548,
    "12": -0.18714392185211182,
    "13": -0.675770103931427,
    "14": -0.5508373379707336,
    "15": -0.12643219530582428,
    "16": -0.26529571413993835,
    "17": 1.2208212614059448,
    "18": 0.5084057450294495,
    "19": -1.5443075895309448,
    "20": -0.862377405166626,
    "21": -1.2492085695266724,
    "22": -0.8645668625831604,
    "23": -1.2081279754638672,
    "24": 1.7011030912399292,
    "25": 1.2397375106811523,
    "26": 1.2184170484542847,
    "27": 1.3941493034362793,
    "28": 0.8285685777664185,
    "29": 1.36821711063385,
    "30": -1.665679693222046,
    "31": -1.101719617843628,
    "32": 1.1664308309555054,
    "33": -1.1153470277786255,
    "34": 0.9548423886299133,
    "35": -1.258419394493103,
    "36": 0.9635550379753113,
    "37": 0.8119966387748718,
    "38": 0.8189294338226318,
    "39": 1.1363145112991333,
    "40": 0.7214524149894714,
    "41": 0.1476573944091797,
    "42": 0.18064174056053162,
    "43": 0.22661931812763214,
    "44": -0.8717172741889954,
    "45": 0.5762837529182434,
    "46": -0.4265790283679962,
    "47": -0.19470885396003723,
    "48": 1.177008867263794,
    "49": -1.3330168724060059,
    "50": 1.209764838218689,
    "51": -1.1079199314117432,
    "52": -0.9976186156272888,
    "53": -1.2050273418426514,
    "54": -1.0309486389160156,
    "55": 1.1988106966018677,
    "56": -0.7610741257667542,
    "57": -0.24010489881038666,
    "58": -0.6316745281219482,
    "59": 0.46192190051078796,
    "60": -0.6151288151741028,
    "61": -0.7175987362861633,
    "62": 0.16014248132705688,
    "63": -0.8023667931556702
  },
  "entityEmbedding": {
    "0": 0.19816040992736816,
    "1": 0.1702663153409958,
    "2": -0.0420195646584034,
    "3": 0.0772821307182312,
    "4": -0.23101747035980225,
    "5": 0.030285175889730453,
    "6": 0.0017871693708002567,
    "7": -0.011373141780495644,
    "8": 1.0919150114059448,
    "9": 1.0150285959243774,
    "10": 0.918773889541626,
    "11": 1.0814430713653564,
    "12": 0.8693628311157227,
    "13": 0.9021582007408142,
    "14": -1.0947775840759277,
    "15": -1.0344427824020386,
    "16": 0.14232955873012543,
    "17": 1.0347368717193604,
    "18": 0.7923778891563416,
    "19": -0.992424726486206,
    "20": -0.967705488204956,
    "21": -0.9166954159736633,
    "22": -0.5396221876144409,
    "23": -0.9420494437217712,
    "24": 0.21308885514736176,
    "25": 0.9103823304176331,
    "26": 0.6709412336349487,
    "27": -0.9380407929420471,
    "28": -0.7703735828399658,
    "29": -0.8751113414764404,
    "30": -0.8964073657989502,
    "31": -1.0144253969192505,
    "32": 0.8770941495895386,
    "33": 0.7062550783157349,
    "34": 0.5268378257751465,
    "35": 0.8384836316108704,
    "36": 0.5993136167526245,
    "37": 0.6712728142738342,
    "38": -0.6297739744186401,
    "39": -0.8743000030517578,
    "40": 0.3175007402896881,
    "41": 0.7945922613143921,
    "42": 0.032619304955005646,
    "43": 0.6122738718986511,
    "44": -0.5751628875732422,
    "45": 0.6717610359191895,
    "46": 0.7351096868515015,
    "47": -0.6899703741073608,
    "48": 0.9723100066184998,
    "49": -0.9911632537841797,
    "50": 0.8175680041313171,
    "51": -0.8489495515823364,
    "52": 0.8668379783630371,
    "53": 0.5557693839073181,
    "54": 0.5846153497695923,
    "55": 0.9507626295089722,
    "56": 0.8022199869155884,
    "57": -0.8879355788230896,
    "58": 0.9084481000900269,
    "59": -0.8416949510574341,
    "60": 0.8308203816413879,
    "61": 0.8755807876586914,
    "62": 0.8321261405944824,
    "63": 0.901689887046814,
    "64": 0.753667950630188,
    "65": 0.6030502915382385,
    "66": 0.7142965793609619,
    "67": 0.8236533403396606,
    "68": 0.5670483112335205,
    "69": 0.7375084161758423,
    "70": -0.7592853307723999,
    "71": -0.6827197074890137,
    "72": 0.6036954522132874,
    "73": 0.17639344930648804,
    "74": 0.5688031315803528,
    "75": -0.3537196218967438,
    "76": 0.002377350814640522,
    "77": -0.5069952011108398,
    "78": -0.5666013360023499,
    "79": -0.011086225509643555,
    "80": 0.4429113566875458,
    "81": 0.332552969455719,
    "82": 0.2973027527332306,
    "83": -0.4532003402709961,
    "84": -0.26751431822776794,
    "85": 0.10897211730480194,
    "86": -0.4415208101272583,
    "87": -0.24560847878456116,
    "88": 0.10971342772245407,
    "89": -0.13837659358978271,
    "90": 0.037932924926280975,
    "91": 0.17760223150253296,
    "92": 0.22281524538993835,
    "93": 0.30735278129577637,
    "94": -0.15895472466945648,
    "95": -0.17971377074718475,
    "96": 0.2907484471797943,
    "97": 0.014865880832076073,
    "98": 0.15732431411743164,
    "99": 0.1446693241596222,
    "100": -0.1314743012189865,
    "101": 0.18961001932621002,
    "102": -0.16213414072990417,
    "103": -0.02585773356258869,
    "104": 0.239393413066864,
    "105": 0.2871446907520294,
    "106": -0.06955522298812866,
    "107": 0.19784194231033325,
    "108": -0.1494547575712204,
    "109": 0.1950848400592804,
    "110": -0.17209263145923615,
    "111": 0.022784288972616196,
    "112": 0.3706981837749481,
    "113": -0.20958392322063446,
    "114": 0.12378767132759094,
    "115": 0.1645074039697647,
    "116": -0.0694580152630806,
    "117": 0.20344436168670654,
    "118": -0.1590190976858139,
    "119": -0.05764275789260864,
    "120": 0.3101046681404114,
    "121": -0.145413339138031,
    "122": 0.07130417972803116,
    "123": 0.22878922522068024,
    "124": -0.19698543846607208,
    "125": 0.19176486134529114,
    "126": -0.3584524691104889,
    "127": -0.06238174811005592,
    "128": 0.30964231491088867,
    "129": 0.23647743463516235,
    "130": -0.06840046495199203,
    "131": 0.036060746759176254,
    "132": -0.03179306164383888,
    "133": 0.16253633797168732,
    "134": -0.2147509902715683,
    "135": -0.0026076314970850945,
    "136": 0.9570980072021484,
    "137": 0.9654344320297241,
    "138": 0.9471656084060669,
    "139": 0.8665837645530701,
    "140": 0.8105785846710205,
    "141": 1.1120997667312622,
    "142": -1.2584037780761719,
    "143": -0.9216353893280029,
    "144": 0.49131229519844055,
    "145": -0.5691235661506653,
    "146": 0.3592081367969513,
    "147": -0.45069631934165955,
    "148": -0.06139713525772095,
    "149": -0.3703478276729584,
    "150": -0.21412351727485657,
    "151": 0.3920975625514984,
    "152": 0.3862484097480774,
    "153": -0.474212646484375,
    "154": 0.23856022953987122,
    "155": -0.3599681258201599,
    "156": -0.2585872411727905,
    "157": -0.34945324063301086,
    "158": -0.3848932683467865,
    "159": 0.37665942311286926,
    "160": 1.386480689048767,
    "161": -0.9800310134887695,
    "162": 1.4843534231185913,
    "163": -0.5184047818183899,
    "164": -0.7064469456672668,
    "165": -0.7705827355384827,
    "166": -1.1573269367218018,
    "167": 0.8988481163978577,
    "168": 0.8943818211555481,
    "169": -0.7722597718238831,
    "170": 0.9619160294532776,
    "171": -0.8166691064834595,
    "172": -0.7468410730361938,
    "173": -1.0636334419250488,
    "174": -0.743079662322998,
    "175": 0.8093608021736145,
    "176": -0.7417289614677429,
    "177": -0.39083418250083923,
    "178": -0.6238651871681213,
    "179": 0.5347588658332825,
    "180": -0.615537703037262,
    "181": -0.8468033075332642,
    "182": -0.02786545269191265,
    "183": -0.7217088937759399,
    "184": -0.5968590974807739,
    "185": -0.45522937178611755,
    "186": -0.6020479202270508,
    "187": 0.5151059627532959,
    "188": -0.7194210886955261,
    "189": -0.770051121711731,
    "190": -0.36683109402656555,
    "191": -0.7825926542282104,