{
  "userEmbedding": {
    "0": -0.21521355211734772,
    "1": -1.197482705116272,
    "2": 0.48218676447868347,
    "3": 0.49738967418670654,
    "4": 1.1869193315505981,
    "5": 1.808275580406189,
    "6": -2.229351758956909,
    "7": -2.284864902496338,
    "8": -2.0430662631988525,
    "9": 2.3254456520080566,
    "10": -1.262131690979004,
    "11": 1.336728572845459,
    "12": 1.3195297718048096,
    "13": -1.3115944862365723,
    "14": -1.1585748195648193,
    "15": 1.0710324048995972,
    "16": -0.39598459005355835,
    "17": -0.9307892918586731,
    "18": -0.9600591063499451,
    "19": 0.30003488063812256,
    "20": 0.9813634157180786,
    "21": -0.7727673649787903,
    "22": 0.8902242183685303,
    "23": 0.6794129610061646,
    "24": -1.0042176246643066
  },
  "entityEmbedding": {
    "0": 0.1417870670557022,
    "1": -0.09321800619363785,
    "2": -0.17455409467220306,
    "3": -0.2268294394016266,
    "4": -0.15493090450763702,
    "5": 1.103721261024475,
    "6": -0.86426842212677,
    "7": -0.8750119209289551,
    "8": -1.0059696435928345,
    "9": 0.869094729423523,
    "10": 0.09575667977333069,
    "11": -1.2156357765197754,
    "12": -0.07519768923521042,
    "13": 0.04552268609404564,
    "14": 1.308272361755371,
    "15": -0.45588257908821106,
    "16": -0.5370926260948181,
    "17": 0.562762439250946,
    "18": 0.5219582915306091,
    "19": 0.5341024398803711,
    "20": -0.9300497770309448,
    "21": 1.056705117225647,
    "22": 0.9888817071914673,
    "23": -0.9138662815093994,
    "24": -0.7855719327926636,
    "25": -1.034885048866272,
    "26": 0.8058368563652039,
    "27": 0.986495316028595,
    "28": -0.9408667683601379,
    "29": -0.9329644441604614,
    "30": 0.5571110248565674,
    "31": -0.4645608961582184,
    "32": -0.5780897736549377,
    "33": -0.4430038034915924,
    "34": 0.668059229850769,
    "35": 0.1291162222623825,
    "36": -0.21134865283966064,
    "37": -0.19912901520729065,
    "38": -0.13596147298812866,
    "39": 0.23989050090312958,
    "40": 0.21962104737758636,
    "41": -0.19121253490447998,
    "42": -0.24264152348041534,
    "43": -0.14042745530605316,
    "44": -0.007399012800306082,
    "45": 0.2920149564743042,
    "46": -0.16192308068275452,
    "47": -0.2919978201389313,
    "48": -0.12215344607830048,
    "49": 0.16265276074409485,
    "50": 0.091038778424263,
    "51": -0.31408223509788513,
    "52": -0.290884792804718,
    "53": -0.1636044830083847,
    "54": 0.057379160076379776,
    "55": 0.008565065450966358,
    "56": -0.21081846952438354,
    "57": -0.1973542869091034,
    "58": -0.11530577391386032,
    "59": 0.35562634468078613,
    "60": 0.14443454146385193,
    "61": -0.2834583520889282,
    "62": -0.23497170209884644,
    "63": -0.10263622552156448,
    "64": 0.2215801626443863,
    "65": 0.09842655062675476,
    "66": -0.0988210067152977,
    "67": -0.18400928378105164,
    "68": -0.1697123795747757,
    "69": 0.3228800296783447,
    "70": 0.09531758725643158,
    "71": -0.03487671911716461,
    "72": -0.37889739871025085,
    "73": -0.10520478338003159,
    "74": 0.2707590162754059,
    "75": 0.9710361361503601,
    "76": -0.8699813485145569,
    "77": -0.8441441655158997,
    "78": -1.001009464263916,
    "79": 0.9933276176452637,
    "80": 0.6643575429916382,
    "81": -0.7960144877433777,
    "82": 0.6766595840454102,
    "83": 0.6830390095710754,
    "84": -0.6556873321533203,
    "85": 0.6669273376464844,
    "86": -0.6286267638206482,
    "87": 0.6655930280685425,
    "88": 0.5672460794448853,
    "89": -0.755269467830658,
    "90": 0.9953710436820984,
    "91": -0.9727000594139099,
    "92": -0.6953134536743164,
    "93": -0.6579484343528748,
    "94": 0.8988645076751709,
    "95": 0.6109843254089355,
    "96": -0.4304250478744507,
    "97": -0.6375373601913452,
    "98": -0.4993453025817871,
    "99": 0.627778947353363,
    "100": 1.0223983526229858,
    "101": -0.8567979335784912,
    "102": -0.8564203381538391,
    "103": -0.7587923407554626,
    "104": 0.7453923225402832,
    "105": 0.5287577509880066,
    "106": -0.45989277958869934,
    "107": -0.6736999750137329,
    "108": -0.6674668788909912,
    "109": 0.48273542523384094,
    "110": 0.9033462405204773,
    "111": -1.2103033065795898,
    "112": -1.1358113288879395,
    "113": -1.1848689317703247,
    "114": 1.1373074054718018,
    "115": 0.21101170778274536,
    "116": -0.25192347168922424,
    "117": -0.2855761647224426,
    "118": -0.20054958760738373,
    "119": 0.29495078325271606,
    "120": 0.03913918510079384,
    "121": -0.1870437115430832,
    "122": -0.2895904779434204,
    "123": -0.1779869645833969,
    "124": 0.3484925925731659,
    "125": 0.2588237226009369,
    "126": -0.35826119780540466,
    "127": -0.2544468641281128,
    "128": -0.1802608072757721,
    "129": 0.4507126808166504,
    "130": 0.2898939251899719,
    "131": -0.41877150535583496,
    "132": -0.17391157150268555,
    "133": -0.3506639897823334,
    "134": 0.27146491408348083,
    "135": 0.21428920328617096,
    "136": -0.31081706285476685,
    "137": -0.32739683985710144,
    "138": -0.15760335326194763,
    "139": 0.4016563594341278,
    "140": 0.36671313643455505,
    "141": -0.24659015238285065,
    "142": -0.4168967306613922,
    "143": -0.20615825057029724,
    "144": 0.1780216097831726,
    "145": 0.6361092329025269,
    "146": -0.4263882040977478,
    "147": -0.5705054402351379,
    "148": -0.4763478636741638,
    "149": 0.6821131706237793,
    "150": 0.07808317244052887,
    "151": -0.3188736140727997,
    "152": -0.2176017016172409,
    "153": -0.3799225986003876,
    "154": 0.5026553273200989,
    "155": 0.2866319715976715,
    "156": -0.40281957387924194,
    "157": -0.20183642208576202,
    "158": -0.2453513890504837,
    "159": 0.309070885181427,
    "160": 0.16495472192764282,
    "161": -0.06248516961932182,
    "162": 0.19906951487064362,
    "163": 0.1949377954006195,
    "164": -0.34002208709716797,
    "165": 0.33073005080223083,
    "166": -0.33814555406570435,
    "167": 0.08166781067848206,
    "168": 0.17034924030303955,
    "169": -0.11942768096923828,
    "170": -0.22398701310157776,
    "171": -0.2530054450035095,
    "172": 0.26670053601264954,
    "173": 0.30979517102241516,
    "174": 0.2726002037525177,
    "175": -0.08895677328109741,
    "176": -0.22469539940357208,
    "177": 0.195853590965271,
    "178": 0.21992294490337372,
    "179": 0.3345121741294861,
    "180": 0.359454482793808,
    "181": -0.11514506489038467,
    "182": -0.0772804468870163,
    "183": -0.021698959171772003,
    "184": -0.03803851455450058,
    "185": 0.40199390053749084,
    "186": -0.32823047041893005,
    "187": -0.49966123700141907,
    "188": -0.3461340367794037,
    "189": 0.35793933272361755,
    "190": -0.31930407881736755,
    "191": -0.1974545568227768,
    "192": 0.29752272367477417,
    "193": 0.32962071895599365,
    "194": 0.3190009295940399,
    "195": -0.3192920982837677,
    "196": -0.35810843110084534,
    "197": 0.3331410586833954,
    "198": 0.08155210316181183,
    "199": 0.20154646039009094,
    "200": -0.375322163105011,
    "201": -0.18575406074523926,
    "202": 0.2142140418291092,
    "203": 0.3372797966003418,
    "204": 0.29953765869140625
  },
  "userEmbeddingShape": [
    5,
    5
  ],
  "entityEmbeddingShape": [
    41,
    5
  ],
  "users": [
    "24p8CvsvGPidmFn0fPJaT8_p6IqZiL39",
    "6831555f62798cff2618bfe7",
    "684d9047bb1e0e063eb0b121",
    "I_wJUl8NXFjJvfQ7hTnPVvXCNhuARhPC",
    "nXUnhDd6SUii6mNocb2438u5eYSA8yr5"
  ],