{
  "userEmbedding": {
    "0": -0.4568871557712555,
    "1": 0.6179243326187134,
    "2": 1.192014455795288,
    "3": -0.6474011540412903,
    "4": 0.00524690980091691,
    "5": -0.08816322684288025,
    "6": 0.6822952628135681,
    "7": 0.429721862077713,
    "8": -0.43511444330215454,
    "9": 0.3547782003879547,
    "10": -0.5402323007583618,
    "11": -0.6549941301345825,
    "12": 0.08594036102294922,
    "13": 0.5520967841148376,
    "14": 0.8089577555656433,
    "15": -0.8049715161323547,
    "16": 1.031176209449768,
    "17": -0.8958929777145386,
    "18": -0.9561907649040222,
    "19": -1.0954173803329468,
    "20": 1.0541456937789917,
    "21": -0.5147013664245605,
    "22": 1.4004924297332764,
    "23": -0.6785368919372559,
    "24": -1.5897297859191895,
    "25": 1.6812424659729004,
    "26": 1.4060174226760864,
    "27": -1.6705243587493896,
    "28": 1.4508206844329834,
    "29": 1.2963778972625732,
    "30": 1.0231553316116333,
    "31": 1.6794955730438232,
    "32": 1.0347092151641846,
    "33": 1.0482301712036133,
    "34": 1.0670747756958008,
    "35": -1.061241626739502,
    "36": -0.8029510974884033,
    "37": 1.0843247175216675,
    "38": 0.9579376578330994,
    "39": 0.72343909740448,
    "40": -0.1470673680305481,
    "41": 0.6034356355667114,
    "42": 0.19405010342597961,
    "43": -0.03378207981586456,
    "44": 0.7253111004829407,
    "45": 1.0293974876403809,
    "46": 0.6773062944412231,
    "47": 0.23433862626552582,
    "48": 1.4223754405975342,
    "49": -0.11107064038515091,
    "50": -1.1599165201187134,
    "51": -1.4662010669708252,
    "52": 1.5107530355453491,
    "53": -1.7039271593093872,
    "54": 1.6608247756958008,
    "55": 1.1486577987670898,
    "56": 0.5415734052658081,
    "57": -0.3420640528202057,
    "58": 0.6587851047515869,
    "59": -0.8647266030311584,
    "60": -0.3703487813472748,
    "61": -0.5877225399017334,
    "62": -0.6937135457992554,
    "63": 0.727692186832428
  },
  "entityEmbedding": {
    "0": -0.024775011464953423,
    "1": 0.050722748041152954,
    "2": 0.0015883439918980002,
    "3": -0.184213325381279,
    "4": -0.02413400262594223,
    "5": 0.1668376326560974,
    "6": 0.14670391380786896,
    "7": 0.22311145067214966,
    "8": -0.8980703353881836,
    "9": 0.7081546187400818,
    "10": 0.5555726885795593,
    "11": -0.9233983755111694,
    "12": 0.8045419454574585,
    "13": 0.9691926836967468,
    "14": 0.8935347199440002,
    "15": 0.8314778804779053,
    "16": 0.8600594401359558,
    "17": -0.7341600060462952,
    "18": -0.8129164576530457,
    "19": -0.9211192727088928,
    "20": 0.718948483467102,
    "21": -0.6945617198944092,
    "22": 0.7723703980445862,
    "23": -0.9510715007781982,
    "24": 0.895669162273407,
    "25": -0.9220584034919739,
    "26": -0.9135723114013672,
    "27": -0.6577141880989075,
    "28": 0.6437458992004395,
    "29": -0.5003711581230164,
    "30": 0.8384182453155518,
    "31": -0.6717640161514282,
    "32": -0.6167474389076233,
    "33": 0.5882921814918518,
    "34": 0.9227200746536255,
    "35": -0.8696362376213074,
    "36": 0.17943233251571655,
    "37": -0.09006916731595993,
    "38": 0.6078161597251892,
    "39": 0.5838208198547363,
    "40": -0.2257106751203537,
    "41": 0.3894388675689697,
    "42": 0.3838936388492584,
    "43": -0.5123472809791565,
    "44": -0.26022106409072876,
    "45": -0.35639166831970215,
    "46": 0.463178426027298,
    "47": 0.35645830631256104,
    "48": 0.8134843111038208,
    "49": 0.8314714431762695,
    "50": 0.7182137966156006,
    "51": -0.7306597232818604,
    "52": -0.9033664464950562,
    "53": 0.8093931078910828,
    "54": 0.6957970261573792,
    "55": 0.6571093201637268,
    "56": 0.8868494629859924,
    "57": 0.7356494665145874,
    "58": 0.8712217211723328,
    "59": -0.8000438809394836,
    "60": -0.5932201147079468,
    "61": 0.6931068897247314,
    "62": 0.843080997467041,
    "63": 0.687052845954895,
    "64": -0.43495360016822815,
    "65": 0.4030492305755615,
    "66": 0.534072756767273,
    "67": -0.7040366530418396,
    "68": 0.3388422727584839,
    "69": 0.4145047962665558,
    "70": 0.737450897693634,
    "71": 0.5700843930244446,
    "72": -0.12611344456672668,
    "73": 0.09730696678161621,
    "74": -0.3384796679019928,
    "75": -0.6016165018081665,
    "76": -0.008499889634549618,
    "77": 0.2555016875267029,
    "78": 0.7784970998764038,
    "79": -0.3930296003818512,
    "80": 0.24198991060256958,
    "81": -0.039528634399175644,
    "82": -0.1303918957710266,
    "83": -0.5289157032966614,
    "84": 0.2988260090351105,
    "85": 0.03030497021973133,
    "86": 0.5718976259231567,
    "87": 0.1436760276556015,
    "88": -0.3563353419303894,
    "89": 0.06663910299539566,
    "90": 0.11224354058504105,
    "91": -0.1635461300611496,
    "92": 0.08044382929801941,
    "93": 0.33010467886924744,
    "94": 0.09271392971277237,
    "95": 0.17356397211551666,
    "96": -0.13320904970169067,
    "97": 0.03891940042376518,
    "98": 0.2829890549182892,
    "99": -0.0894727036356926,
    "100": 0.06514541804790497,
    "101": 0.08585833013057709,
    "102": 0.16983439028263092,
    "103": 0.21027755737304688,
    "104": -0.06986043602228165,
    "105": 0.2602452337741852,
    "106": 0.08826148509979248,
    "107": -0.11373621225357056,
    "108": 0.2276601344347,
    "109": 0.02670714259147644,
    "110": 0.15605135262012482,
    "111": 0.06543672829866409,
    "112": -0.16628481447696686,
    "113": 0.3392772376537323,
    "114": 0.21645919978618622,
    "115": -0.18237854540348053,
    "116": 0.11525858938694,
    "117": 0.034941866993904114,
    "118": 0.1702234297990799,
    "119": -0.09840761125087738,
    "120": -0.11724603921175003,
    "121": 0.10319597274065018,
    "122": 0.18969941139221191,
    "123": -0.11967188864946365,
    "124": 0.16571103036403656,
    "125": 0.3135739862918854,
    "126": 0.18516340851783752,
    "127": 0.1895703673362732,
    "128": -0.25297024846076965,
    "129": 0.04540262371301651,
    "130": 0.04235442355275154,
    "131": -0.38360217213630676,
    "132": 0.07422182708978653,
    "133": 0.12069880962371826,
    "134": 0.06585570424795151,
    "135": 0.20322978496551514,
    "136": -0.8593053817749023,
    "137": 0.7387648820877075,
    "138": 0.7608275413513184,
    "139": -0.8168109059333801,
    "140": 0.956267774105072,
    "141": 0.8358727693557739,
    "142": 0.6305341124534607,
    "143": 0.9586848616600037,
    "144": 0.286652535200119,
    "145": -0.24128714203834534,
    "146": -0.14950121939182281,
    "147": -0.11781074851751328,
    "148": 0.09625748544931412,
    "149": -0.511843204498291,
    "150": 0.3228852450847626,
    "151": 0.3277796804904938,
    "152": 0.26317298412323,
    "153": -0.28033363819122314,
    "154": -0.017005715519189835,
    "155": -0.22241626679897308,
    "156": 0.4302802085876465,
    "157": -0.4975312650203705,
    "158": 0.3005279302597046,
    "159": 0.32492560148239136,
    "160": 1.0598819255828857,
    "161": -0.287722110748291,
    "162": -0.986480712890625,
    "163": -1.3201992511749268,
    "164": 1.2747217416763306,
    "165": -1.1190818548202515,
    "166": 1.2257143259048462,
    "167": 1.528193473815918,
    "168": 0.73643958568573,
    "169": -0.6277175545692444,
    "170": -0.48911580443382263,
    "171": -0.7577880620956421,
    "172": 0.7242265343666077,
    "173": -0.6243815422058105,
    "174": 0.7345727682113647,
    "175": 0.2252347767353058,
    "176": 0.5123385787010193,
    "177": -0.39297929406166077,
    "178": 0.6082731485366821,
    "179": -0.48941221833229065,
    "180": -0.3961104154586792,
    "181": -0.5406904220581055,
    "182": -0.5016049146652222,
    "183": 0.5802786946296692,
    "184": 0.5875975489616394,
    "185": -0.43451425433158875,
    "186": 0.4779033064842224,
    "187": -0.5135667324066162,
    "188": -0.42707765102386475,
    "189": -0.5346493721008301,
    "190": -0.48767855763435364,
    "191": 0.676166296005249,
    "192": -0.5754102468490601,