{
  "userEmbedding": {
    "0": -0.9485477805137634,
    "1": 0.5816713571548462,
    "2": -0.987220048904419,
    "3": 0.14891864359378815,
    "4": 0.10571305453777313,
    "5": -0.20623153448104858,
    "6": -1.142073154449463,
    "7": 1.171783447265625,
    "8": -0.5954722762107849,
    "9": -1.0419268608093262,
    "10": 1.2620513439178467,
    "11": 1.1169776916503906,
    "12": -1.2002017498016357,
    "13": -1.2701566219329834,
    "14": -1.591764211654663,
    "15": 1.867841362953186,
    "16": -1.9579132795333862,
    "17": -1.252414584159851,
    "18": 2.171365976333618,
    "19": 1.2586256265640259,
    "20": -1.3517189025878906,
    "21": 1.0766898393630981,
    "22": -1.0164899826049805,
    "23": -1.1465189456939697,
    "24": 1.0214489698410034,
    "25": 1.1001008749008179,
    "26": 0.9020751118659973,
    "27": 1.2760651111602783,
    "28": 0.2730756402015686,
    "29": 0.9274346232414246,
    "30": -0.7575357556343079,
    "31": -0.617018461227417,
    "32": 0.4221782088279724,
    "33": 1.0129015445709229,
    "34": -0.04157940298318863,
    "35": -1.3571901321411133,
    "36": -1.6948959827423096,
    "37": -1.3741599321365356,
    "38": -1.4851678609848022,
    "39": -1.0861843824386597,
    "40": 1.7517045736312866,
    "41": -1.5005273818969727,
    "42": 0.4258788228034973,
    "43": 0.6717808246612549,
    "44": -0.47271355986595154,
    "45": 0.6035919785499573,
    "46": 0.6608560085296631,
    "47": -0.6427505612373352,
    "48": 0.7914413809776306
  },
  "entityEmbedding": {
    "0": -0.16265277564525604,
    "1": 0.1580674648284912,
    "2": -0.17359432578086853,
    "3": -0.07957333326339722,
    "4": 0.08936438709497452,
    "5": 0.1768796443939209,
    "6": 0.05345110222697258,
    "7": -0.8438023924827576,
    "8": 0.7668988704681396,
    "9": -0.9032045006752014,
    "10": -0.9278752207756042,
    "11": 0.8173429369926453,
    "12": 0.8344721794128418,
    "13": -0.7989603877067566,
    "14": 0.7509936690330505,
    "15": -0.8215300440788269,
    "16": -0.9881202578544617,
    "17": 0.7686917781829834,
    "18": 0.7447431683540344,
    "19": -0.7662950158119202,
    "20": -0.7606079578399658,
    "21": 0.8577139973640442,
    "22": -0.5973762273788452,
    "23": -0.7455554008483887,
    "24": 0.8051469922065735,
    "25": 0.8878944516181946,
    "26": -0.8549816012382507,
    "27": -0.7205298542976379,
    "28": -0.8424033522605896,
    "29": 0.5452398657798767,
    "30": -0.7524296045303345,
    "31": -0.010728934779763222,
    "32": 0.31310343742370605,
    "33": -0.10422702878713608,
    "34": -0.9125921726226807,
    "35": -0.5085596442222595,
    "36": 0.34142160415649414,
    "37": -0.5292314291000366,
    "38": 0.4594206213951111,
    "39": -0.22655317187309265,
    "40": -0.39467284083366394,
    "41": -0.33660784363746643,
    "42": 0.8312626481056213,
    "43": -0.6631458401679993,
    "44": -0.7981747388839722,
    "45": 0.7806699275970459,
    "46": 0.8823345899581909,
    "47": 0.8976445198059082,
    "48": 0.7350483536720276,
    "49": 0.7186804413795471,
    "50": -0.8981786370277405,
    "51": -0.7361477613449097,
    "52": 0.9407519102096558,
    "53": 0.7984246611595154,
    "54": 0.7015019655227661,
    "55": 0.7814027070999146,
    "56": -0.45010995864868164,
    "57": 0.6344308257102966,
    "58": -0.5282241106033325,
    "59": -0.465941846370697,
    "60": 0.55985426902771,
    "61": 0.317036509513855,
    "62": -0.564972460269928,
    "63": 0.16316187381744385,
    "64": 0.27229955792427063,
    "65": -0.3951818645000458,
    "66": 0.19052311778068542,
    "67": 0.4777803421020508,
    "68": -0.18216443061828613,
    "69": -0.4408688247203827,
    "70": 0.10859674215316772,
    "71": 0.2188325971364975,
    "72": -0.33085834980010986,
    "73": 0.29916930198669434,
    "74": 0.48440849781036377,
    "75": -0.20893645286560059,
    "76": -0.3934731185436249,
    "77": -0.09762158244848251,
    "78": 0.18265733122825623,
    "79": -0.13852277398109436,
    "80": -0.07122235745191574,
    "81": 0.055265989154577255,
    "82": 0.09970878064632416,
    "83": -0.24289709329605103,
    "84": -0.14302989840507507,
    "85": 0.14816221594810486,
    "86": -0.4231587052345276,
    "87": -0.1967138797044754,
    "88": 0.23899434506893158,
    "89": 0.232271209359169,
    "90": -0.07927553355693817,
    "91": -0.14161930978298187,
    "92": 0.28019437193870544,
    "93": -0.015440724790096283,
    "94": -0.16714073717594147,
    "95": 0.1347338706254959,
    "96": -0.025497430935502052,
    "97": -0.043931182473897934,
    "98": -0.22403152287006378,
    "99": 0.03227130323648453,
    "100": -0.09857486188411713,
    "101": -0.046129852533340454,
    "102": 0.09761464595794678,
    "103": 0.11619993299245834,
    "104": -0.14920420944690704,
    "105": -0.1310928463935852,
    "106": 0.13530820608139038,
    "107": -0.03298226743936539,
    "108": -0.31410926580429077,
    "109": 0.16536174714565277,
    "110": 0.17202642560005188,
    "111": 0.011759585700929165,
    "112": -0.2587539851665497,
    "113": 0.27381327748298645,
    "114": -0.23584137856960297,
    "115": -0.26287439465522766,
    "116": 0.24817174673080444,
    "117": 0.013162961229681969,
    "118": -0.09148131310939789,
    "119": -0.8720628619194031,
    "120": 0.9680629372596741,
    "121": -0.8510113954544067,
    "122": -0.9966557621955872,
    "123": 0.9239715933799744,
    "124": 0.7089760303497314,
    "125": -0.7778171896934509,
    "126": -0.3238947093486786,
    "127": -0.2371378093957901,
    "128": -0.314385324716568,
    "129": -0.3027776777744293,
    "130": -0.3902568221092224,
    "131": 0.21761737763881683,
    "132": -0.42253708839416504,
    "133": -0.2469743937253952,
    "134": -0.4485556185245514,
    "135": -0.35586389899253845,
    "136": -0.4066823124885559,
    "137": -0.1586313098669052,
    "138": 0.2371121048927307,
    "139": -0.15537475049495697,
    "140": -1.097575068473816,
    "141": -1.3335895538330078,
    "142": -1.1343204975128174,
    "143": -1.1064635515213013,
    "144": -1.3218002319335938,
    "145": 1.0098365545272827,
    "146": -1.1953142881393433,
    "147": -0.4118223488330841,
    "148": -0.6534170508384705,
    "149": -0.6331543326377869,
    "150": -0.5970794558525085,
    "151": -0.509127676486969,
    "152": 0.49906957149505615,
    "153": -0.5690292119979858,
    "154": 0.42282480001449585,
    "155": 0.6662729382514954,
    "156": -0.35352152585983276,
    "157": 0.6600794196128845,
    "158": 0.7514145970344543,
    "159": -0.7474951148033142,
    "160": 0.6265273094177246,
    "161": 0.6302114129066467,
    "162": 0.5399499535560608,
    "163": -0.7039334774017334,
    "164": 0.7512008547782898,
    "165": 0.7426699995994568,
    "166": -0.6978089809417725,
    "167": 0.5892047882080078,
    "168": -0.5273216366767883,
    "169": 1.0413448810577393,
    "170": -1.0131919384002686,
    "171": -0.5541245341300964,
    "172": 0.6325723528862,
    "173": 0.7684829235076904,
    "174": -0.6882650852203369,
    "175": -0.34632962942123413,
    "176": 0.49933475255966187,
    "177": -0.6559321880340576,
    "178": -0.6289209127426147,
    "179": 0.4796900451183319,
    "180": 0.46366313099861145,
    "181": -0.617830216884613,
    "182": -0.6297526359558105,
    "183": 0.43617329001426697,
    "184": -0.790960431098938,
    "185": -0.9144254326820374,
    "186": 0.8241686224937439,
    "187": 0.8642591238021851,
    "188": -0.9491838812828064,
    "189": -0.428428053855896,
    "190": 0.6512743234634399,
    "191": -0.5640798211097717,
    "192": -0.4750055968761444,
    "193": 0.5048748850822449,
    "194": 0.4627857506275177,
    "195": -0.34811824560165405,
    "196": -1.0995166301727295,
    "197": 1.0402156114578247,
    "198": -0.9837806224822998,
    "199": -0.9970012307167053,
    "200": 0.9853989481925964,
    "201": 1.1202181577682495,
    "202": -1.035556674003601,
    "203": -0.25695663690567017,
    "204": 0.15471988916397095,
    "205": -0.28454485535621643,